service_name,language,upstream_count,downstream_count,transitive_downstream,transitive_upstream,total_coupling,betweenness_centrality,pagerank,in_degree_centrality,out_degree_centrality,fan_in,fan_out,coupling_ratio,max_path_depth,error_rate,latency_p99_ms,requests_per_day,health_score,complexity_score,project
service_0,java,2,2,4,2,4,0.3084048439831741,0.3813189878098385,0.23338144662398996,0.4299702033681603,2,3,0.8463407384332235,4,0.0201619697710888,446.2485667973184,75780.7796214476,71.25779372456223,0.48423947402229833,synthetic
service_1,javascript,4,1,5,3,5,0.2699895306102378,0.29088624611658015,0.31164906341377896,0.1654490124263246,0,1,1.5944092675070962,3,0.03594899457392676,1545.491592372105,56566.44255938013,88.54835899772806,0.7873251933754879,synthetic
service_2,python,2,3,8,4,5,0.29591850362880273,0.14168055001090157,0.2424149856794916,0.34621801644513517,1,1,1.3371530030260117,1,0.01344185528278289,569.0645193933423,69934.12301113905,85.6135294962221,0.20526068610599854,synthetic
service_3,go,1,4,5,3,5,0.4222086663254762,0.5156306392030522,0.1933676731502687,0.46836499436836726,1,0,1.887040427417844,5,0.012850762254122131,276.8952588312085,89824.36003737935,95.02090285816652,0.05067056530192805,synthetic
service_4,java,6,5,4,4,11,0.5768970184579252,0.5375378988187485,0.453049393859277,0.21719718275521432,3,1,1.3580062988137747,1,0.04973297502906971,992.8945765827916,28676.4738378791,94.17470111331295,0.37965114677102363,synthetic
service_5,python,1,4,8,9,5,0.21878430407084093,0.43555524183428507,0.2713223173537883,0.1432706260641422,1,0,1.7339008409894874,1,0.026589919742685417,1562.9877508873606,22366.281722187476,81.14452379095002,0.27133045589921767,synthetic
service_6,java,1,2,4,3,3,0.3180086870216846,0.19911279815931598,0.3285556642500834,0.21783644933894553,1,1,0.6802469717084633,1,0.005613692425159446,691.6852878434589,97971.54233352935,58.76651349446693,0.2850163998896928,synthetic
service_7,go,2,1,6,1,3,0.343059252826814,0.19627707349851223,0.19305131890038713,0.4805952819119571,2,0,0.5273327384773245,2,0.016629805884394305,1705.2630908419637,3303.921637846761,90.72342412944678,0.035770884018594525,synthetic
service_8,python,0,5,5,4,5,0.4522914755605074,0.290533571352368,0.33838495221215165,0.24126047482132124,1,0,1.4036613888516785,4,0.04661552617867734,1951.0715962153793,99597.19296100258,52.7935577338675,0.2514925969031933,synthetic
service_9,python,2,2,3,8,4,0.5988135615384426,0.5336051254769117,0.028151637840918675,0.05940895813403596,0,4,0.9285681294227911,3,0.04852406250867432,182.0038327060946,89223.16825610904,76.385055454315,0.253878291618639,synthetic
service_10,go,1,7,3,3,8,0.1759606731622581,0.03174281894793127,0.06659256261187485,0.038100189799581574,4,2,1.1168826748780536,5,0.04162904681461921,1181.2547914149204,7287.671129410133,51.84109338179957,0.06633549552502614,synthetic
service_11,java,4,3,4,8,7,0.39016691079503363,0.6260724252872466,0.4520793472468742,0.17412773351165017,3,2,1.8898814377422415,4,0.017108828904087905,1303.461623201779,24774.416259041114,53.7931664054332,0.43933505433466147,synthetic
service_12,javascript,4,3,3,3,7,0.06551426858287815,0.21964125469642098,0.46202087955371657,0.11805826655870216,3,1,1.5307482581049967,2,0.04349353407266144,772.8786745069384,40319.21941790417,55.243458326624044,0.24599039988578247,synthetic
service_13,go,1,5,5,6,6,0.11648649907242824,0.24083330663934374,0.040116872830821104,0.26225569478512734,2,4,0.7563313810850987,5,0.010165143679318644,714.990549168063,43118.20742302526,75.38051893422275,0.16761446820426557,synthetic
service_14,python,3,4,3,4,7,0.17416859211754895,0.30712006747544063,0.024047321982043846,0.39075724087570746,4,3,1.382460013692585,6,0.02929682727440016,775.1886584549521,39756.72890994869,76.5928739844087,0.013241319570148787,synthetic
service_15,go,1,4,3,5,5,0.5110780177325166,0.31372066062678017,0.2713622216737981,0.12589952945347638,1,3,1.920925009417723,2,0.030961257536297745,134.40934925959698,87340.266985471,96.60591412418063,0.46120209263068296,synthetic
service_16,go,2,1,4,3,3,0.5165667855247009,0.43053700203925416,0.20725229210181384,0.4317590703064785,4,0,1.8691241943186934,2,0.0026600788520831547,691.7990251522391,78269.07504706268,63.87935863147091,0.21720035721377154,synthetic
service_17,python,1,2,3,3,3,0.7425445627543734,0.8137030238036059,0.27982016565410894,0.07762012296535625,3,2,0.5380795334905173,3,0.011876635934714525,539.0421135173357,67517.38161627411,50.98552688771821,0.2904628940550524,synthetic
service_18,java,7,2,9,2,9,0.13477391812608527,0.17663223310674983,0.057118962960198416,0.28288830998328024,2,3,1.1038250653954709,3,0.0451280427605829,1413.3215294583433,68635.20178810265,91.12919379558369,0.45202674682427224,synthetic
service_19,python,2,0,6,4,2,0.42629856137072764,0.3076570372812911,0.35952295259212275,0.1485608578115875,4,1,0.8933960664497376,1,0.025321946112860583,1234.0014129420895,34090.14519087912,88.54561018729109,0.14411306049989406,synthetic
service_20,java,0,1,1,5,1,0.14038008793197923,0.3838003597666527,0.4902884000899941,0.45168190631801247,2,1,1.3823956354548965,4,0.036820159901455804,465.9381527926978,12412.920103481152,71.08813298652562,0.2879486963019141,synthetic
service_21,java,1,2,4,6,3,0.19416253232713945,0.11404878475035836,0.4368385570931694,0.49204173459964756,2,2,1.0319332364611649,2,0.0030625662921817324,133.96047599348623,98784.51658386712,71.38865668679311,0.6183152127683421,synthetic
service_22,python,3,4,5,1,7,0.23825521143647915,0.1765650996750953,0.24559317043431328,0.49816788790336214,4,4,1.2150152424955527,0,0.042757483134003384,167.30249999523562,33576.08517161723,96.5794744159495,0.09539415976576819,synthetic
service_23,java,2,2,8,11,4,0.2853468022058283,0.2886757049320088,0.1435190665874564,0.3084634591878711,3,2,1.641541853753042,5,0.04692419587458611,1406.9828723715455,7715.868851412019,65.04817834734081,0.1970877237258514,synthetic
service_24,go,0,6,4,0,6,0.37990768811295766,0.18880452134784456,0.41997358233623594,0.38641139000840224,1,2,1.5969051004605284,6,0.03649671095809173,1517.0903228588322,20835.555211322553,93.40614067452654,0.20259240327828243,synthetic
service_25,javascript,2,4,5,3,6,0.15977367975102633,0.11970109953419851,0.03622344389727944,0.1962467782033424,2,3,1.2207604208867435,1,0.04934646707009018,370.74153151287516,50389.92719168425,80.90778671590596,0.20149756367175928,synthetic
service_26,go,2,4,5,9,6,0.592545774555392,0.15022967593863407,0.2193036082447692,0.36241327993702915,3,2,1.8077491684596818,1,0.00892195466319333,139.63616465392238,65673.03890449568,66.61573126775545,0.06875002661576773,synthetic
service_27,python,0,0,7,4,0,0.1369654010406839,0.08358317217511885,0.10533109450283329,0.3114832917817414,2,2,0.8563149873858165,4,0.04366674516235306,946.0799845050644,51966.91803903933,67.96166846998828,0.09648555828316811,synthetic
service_28,go,1,3,6,5,4,0.03957614490659982,0.10453659533171858,0.26995291975110625,0.01709388296957909,1,1,1.4600044502553706,1,0.005339223626938829,296.2870185356297,58882.39934381629,84.41039329332978,0.5002670489518651,synthetic
service_29,python,3,2,2,3,5,0.08844444030069641,0.3446235300029249,0.24858738200421365,0.3089236201006069,2,3,1.488328205348986,2,0.03323441992554877,1998.8860789642665,5772.991847195047,98.85870921106587,0.4456539357188142,synthetic
service_30,python,0,7,6,5,7,0.09361197718139955,0.46639608832384283,0.1971826619091751,0.27470711921522667,4,1,1.9319900450499612,2,0.024479978242736396,469.6608140520718,17466.82916657107,80.8675878706487,0.24368060237558703,synthetic
service_31,javascript,3,2,4,6,5,0.2830026224233208,0.42754908476185066,0.20551423490335236,0.41993065143336017,2,3,1.5013248489372057,2,0.029743814695598232,419.2269947152405,73950.50074947403,93.13985387716143,0.10793253157787376,synthetic
service_32,go,2,1,5,6,3,0.7090166252398777,0.6253708380853198,0.33480130806698094,0.034965802854717065,2,2,0.7854872942286018,1,0.018784269320453607,1991.4129323380885,45188.882768566575,66.67847747361002,0.4273151276785717,synthetic
service_33,go,0,6,8,5,6,0.4633161643055649,0.21522630115591282,0.22360127025241783,0.30029716668030865,5,1,1.7261745627367873,6,0.020746028759492913,429.69657847436645,69800.15780134371,67.30498632688928,0.24515487135109257,synthetic
service_34,go,2,6,3,5,8,0.5505111336502434,0.5214170025774156,0.3771267721719315,0.30974887570379384,1,1,1.674044061116224,1,0.03488928472289665,1274.2981811456534,63685.77297533294,61.44473024233068,0.22300474226936548,synthetic
service_35,go,1,3,4,2,4,0.23385451397283125,0.324444179348966,0.2739797444868465,0.22718866727998044,1,1,0.98701389033509,4,0.03946581064801579,1794.9609089864455,95578.1339638889,89.34516931276475,0.42137610809538795,synthetic
service_36,go,4,2,6,3,6,0.5310941940561207,0.28142792256458754,0.41526722820241996,0.03435641625913388,1,3,1.9639862743981886,1,0.013515260749575757,595.3552698478414,7856.1763223001335,97.99132590379645,0.06136317993597114,synthetic
service_37,java,6,3,5,7,9,0.39594633263045415,0.4303668175224065,0.27251345944846916,0.4923348697622541,1,1,1.5889698649779431,5,0.029927036832479874,1065.885039140932,30457.296680563235,78.2510996429508,0.40515291299759953,synthetic
service_38,java,1,4,9,3,5,0.32277934647457657,0.4081575735160994,0.1926879415236809,0.32168258995589216,2,1,0.7675588764609947,0,0.009177370774888675,444.5066318584599,39379.68588028903,70.1163562343278,0.5184892036639698,synthetic
service_39,javascript,4,2,5,3,6,0.2616398343457266,0.06263016171097786,0.05916809546169366,0.20495244484814412,3,1,1.0017669331128982,0,0.002185396430676407,1680.2243829839697,28034.010187308428,75.90393831194078,0.32737650826857373,synthetic
